barcode,name
FMP-4217,Aisha Okafor
FMP-4234,Marcus Bennett
FMP-4251,Priya Sharma
FMP-4268,Daniel Rivera
FMP-4285,Sofia Lindgren
FMP-4302,Liam Choi
FMP-4319,Nadia Haddad
FMP-4336,Omar Novak
FMP-4353,Grace Mensah
FMP-4370,Ethan Costa
FMP-4387,Mei Bauer
FMP-4404,Carlos Petrov
FMP-4421,Hannah Wallace
FMP-4438,Yusuf Nakamura
FMP-4455,Lena Ferreira
FMP-4472,Tobias Adeyemi
FMP-4489,Amara Okafor
FMP-4506,Felix Bennett
FMP-4523,Ines Sharma
FMP-4540,Rohan Rivera
FMP-4557,Clara Lindgren
FMP-4574,Mateo Choi
FMP-4591,Zara Haddad
FMP-4608,Noah Novak
FMP-4625,Bianca Mensah
FMP-4642,Devon Costa
FMP-4659,Keiko Bauer
FMP-4676,Andre Petrov
FMP-4693,Fatima Wallace
FMP-4710,James Nakamura
